"company_name","subreddit","keyword","title","comment_text","author","created_utc"
"Samsung","samsung","samsung","Samsung Experience Store opening in Calgary at CF Market Mall","&gt;Schmidt said a recent deal was made with Samsung for Market Mall. “They’re coming back into the marketplace, and that’ll open later this spring.""","FragmentedChicken","1771611809"
"Samsung","samsung","samsung","Website icons not showing on search","Hi guys, I'm on galaxy note 10+ and the website icons doesn't show on my search.. is there any way to bring them back...","No-Country-8837","1770757751"
"Apple","apple","apple","Active Installed Base: 8 Smartphone OEMs Top 200 mn; Nearly 1 in 4 is an iPhone","&gt;Commenting on brand performance, [Senior Analyst Karn Chauhan](https://counterpointresearch.com/en/opinion-leader/Chauhan?id=33) said, “Apple leads the global active installed base, with about one in four active smartphones being an iPhone. This is driven by strong user loyalty, a deep iOS ecosystem and tightly integrated services. In 2025, Apple added more net new smartphone devices than the next seven leading OEMs combined. This highlights its ability to attract and retain users in a mature market. Samsung ranks second with around one-fifth of the global active installed base. This is supported by its long-standing market presence, a broad portfolio spanning entry-level to premium segments, and extensive geographic reach across key regions.”","iMacmatician","1770817621"
"Google","google","google","Google pixel 8 pro","Last year in July 2025 I bought a display model of the pixel 8 pro and in February my wifi is gone. Not working, not available and the phone crashes if I open my wifi?

So I went to the store, they send it for repair and apparently Google store said that's not covered by warranty? And i had to pay 430 euro for repair.

I have a 550 euro brick and is there anything I can do for repairs? I declined the ridiculous price and just got my phone back.

I'm. From Belgium ","404GirlHumorNotFound","1777412870"
"Apple","apple","apple","Apple AirTag tracking can be misled by replayed Bluetooth signals","Apple’s AirTag is designed to help users track lost items by relying on a vast network of nearby Apple devices. New research shows that this same system can be manipulated to display locations where an AirTag has never been.","tekz","1776419343"
"Samsung","samsung","samsung","Samsung Blackfriday Sales are On Yey","Still works Jan 2021

Use referral Code  ""ref-5r8ngu"" Get 5% off up to $100 cash back.

If you find another place cheaper, after ordering with the promo code, chat with the customer service and ask for price matching. They will normally give you extra discounts as cash back.

Samsung also offer additional bundled discounts if you order multiple items. 

All the best

Note : You need a new Samsung account for referral code to work. Perhaps get a new gmail account?","fyl88","1605225259"
"Apple","apple","apple","Mac Studio 512GB RAM Option Disappears Amid Global DRAM Shortage","&gt;The ‌Mac Studio‌ starts with 36GB RAM, but there were upgrades ranging from 48GB to 512GB, with the higher tier upgrades limited to the M3 Ultra chip. Now there are options ranging from 48GB to 256GB, with wait times into May for the 256GB upgrade.

&gt;Apple has also raised the price for the 256GB RAM upgrade option. It used to cost $1,600 to go from 96GB to 256GB on the high-end M3 Ultra machine, but now it costs $2,000. 512GB was $4,000 when it was available.","iMacmatician","1772740651"
"Google","google","google","this is frustating","I had to reset my phone last month and since then i cant log into my accounts that had passkeys on, is there any way to fix this (and no i dont have any other devices on which i had previously logged the gmail on)","Wooden_Blackberry_30","1769941735"
"Samsung","samsung","samsung","Samsung may be bracing for first-ever annual loss in smartphone business | The AI-driven memory shortage is hitting Samsung’s bottom line","Key portions of the article:

&gt;According to Money Today (Korean), Samsung MX (mobile experience) head TM Roh has warned company leadership that it could be headed for the first net loss on smartphones in the company’s history. Even during times of economic strife or amid pandemic-related supply chain chaos, Samsung still made money on smartphones. The skyrocketing price of DRAM and NAND may be what finally breaks the streak despite strong Galaxy S26 sales.
&gt;
&gt;Shortages of these components have affected all types of computing hardware, from consumer laptops to servers. The LPDDR5x memory found in most mobile devices is increasingly important for AI. Nvidia’s Vera AI CPU, which will replace Grace later in 2026, will have up to 1.5 TB of LPDDR5x memory. The company’s upcoming rack-scale AI platforms will have 36 Vera CPUs alongside 72 Rubin GPUs. The CPUs in one server alone will consume enough RAM for 4,600 Galaxy S26 Ultra devices (12GB each).
&gt;
&gt;Until recently, the application processor (which includes the cellular radio) was the most expensive component of most smartphones, and the display usually came in right below that. The AI era has upended the formula, roughly doubling the cost of memory and storage. According to Counterpoint Research, RAM will account for more than a third of the cost of building a budget phone in mid-2026. Even with more expensive devices, memory is still north of 20 percent of the cost.
&gt;
&gt;...
&gt;
&gt;There are already signs that RAM and storage costs are making phones more expensive. Motorola recently raised the price of its Moto G budget phones by up to 50 percent. Low-cost devices like the Moto G will feel the rising cost of components the most, making the very idea of a budget phone in the coming years suspect.
&gt;
&gt;With the prospect of sinking profitability in 2026, Samsung is also making changes. The recently released Galaxy A37 and A57 mid-range devices come with a $50 price hike over the last generation. The company has also increased prices on some more expensive devices, adding $80 to the Galaxy Z Flip 7 (512 GB) and Z Fold 7 (512 GB and 1 TB). Some of its tablets are also more spendy, including a $100 increase for the Galaxy Tab S11.

If even Samsung might be finding it difficult to turn a profit in this environment, this bodes poorly for smaller manufacturers who don't have the types of efficiencies of scale that they do.","Hrmbee","1777051657"
"Samsung","samsung","samsung","[UPDATE] Samsung repair technician cracked my TV and is refusing to take responsibility. They ended my warranty 4 months early due to the damage.","I had to get my 77"" S90D (QN77S90DAFXZA) repaired after the power supply blew. Luckily, within the 12-month factory warranty. Turns out it got absolutely manhandled by the technician. Later that night, we noticed this black splotch on the display. To no surprise, the screen was cracked with the technician's greasy handprint right over the damage.

After two weeks of waiting, a technician came out and showed me a blurry picture of the home page that the first technician took on his way out. Because of that image they are not claiming responsibility, despite it being in 480p, with a chunk of the TV cropped out and being of the literal home page with a 75% black screen. (Image in video) Hence, canceling my manufacturers warranty due to physical damage and quoting me a $1700 repair bill. 

I am waiting for calls back from supervisors at Samsung and Servicequick. I am genuinely tempted to file a civil lawsuit. ","lucasb780","1776381112"
"Apple","apple","apple","Apple won't refund a $2,700 MacBook that UPS admitted they delivered to the wrong person. What are my options?","I live in Spain, but I ordered a MacBook Pro 14 ($2,662) for my friend who is currently in California for a study semester. It was supposed to be a gift to her.

On Jan 15th, the tracking updated to ""Delivered - Met the customer."" My friend was home all day, but she never saw a courier, never signed anything, and definitely didn't ""meet"" anyone. I contacted Apple immediately and they told me they’d look into it. Four days later, I received an email saying their investigation is done and they ""won't be providing a refund or a replacement"".

I spent two hours on the phone with them and they basically told me their decision is final and I should just ""contact the local enforcement"".

Here’s where it gets crazy: I pushed UPS to do an actual investigation. They just finished it and **they admitted they messed up.** They confirmed the driver handed it to ""someone whose name starts with Q."" Nobody at my friend's place has a name starting with Q. Now, the UPS tracking page literally says: *""A claim has been issued to the sender for your package. Please contact the sender for more information.""*

So, UPS has basically admitted fault and is ready to pay the claim back to Apple, but Apple is still telling me ""No."" I’m stuck. I bought a laptop, UPS gave it to a stranger, and Apple is keeping the money and the insurance claim.

Has anyone dealt with this?

1. Since I’m in Spain and she’s in California, who should file the police report? Will Apple even care about a report if I’m the one who files it from abroad?
2. How do I get past the first-level support people? Every time I call, I get someone who just reads a script saying ""the decision is final"" even though I have proof the carrier admits they failed.
3. I’m terrified of a chargeback because I don’t want my Apple ID  to get blacklisted, but $2,700 is a lot of money to just lose.

Any advice on how to talk to them or who to ask for would be a lifesaver. Thanks in advance.

  
UPD:

Wow! Not sure if coincidence or not, but just about an hour after posting this got a new email ""We're replacing your items.""

Seems Apple has shipped a replacement instead of the lost one! Yeey!","pashipachaj","1770845254"
"Apple","apple","apple","Why do you think Apple is changing how it is doing buisiness?","Back in the day, Apple only sold premium $1000+ products and let me ellaborate. Back in 2020, phones like the iPhone 12 and the 12 Pro were premium, expensive, and while they sold the SE, Apple wanted people to buy their premium lineups and making clear differences, to make people buy their most expensive lineup. Now, I think Apple became different. The 17e comes with MagSafe, same A19 chipset, the regular 17 has 120Hz, LTPO and Always-On display, which was reserved for the most expensive $999 model. Now let’s talk about the iPad Air. At $599, they give 12GB of RAM when RAM prices are skyrocketing, and most importantly the MacBook Neo. The chipset that is faster than M1, a good display and the $599 price tag, it looks like if Apple wants you to consider theur budget lineups. What happened to the “premium” image? Why are they turning into a more “budget-friendly” brand?","Tall_Amoeba5243","1772721020"
"Apple","apple","apple","Safari glitching","Anyone ever experience this before? If I try to clear web history via settings, it says I have 6 tabs open which don’t appear when opening Safari. It force closes if I tap that little bar on the bottom. I cant search anything.

I already restarted my phone and that didn’t help. I’m on an iPhone 16 Pro iOS 26.2","papishulo_","1776437716"
"Google","google","google","Messaging apps not working","My messaging apps are not working like Messenger, Messages, and even Gmail. I always get notified that the app stopped working. What should I do?","1pcmcchicken","1616481544"
"Apple","apple","apple","Tim Cook Calls Apple Maps Launch His ""First Really Big Mistake"" as CEO","I’ve noticed this too. Google will tell me to take a couple side roads when I know if I just stay on my current road, it’ll get me there fine. I figured it was because I kept calling the voice a stupid bitch when it gave bad directions and it was getting revenge. ","-QueenAnnesRevenge-","1777033407"
"Samsung","samsung","samsung","Galaxy Phone","Query Identification: 01098172

I have had my phone for about 6 months and I love it. One really annoying issue though, notifications. It is particular annoying when I have my bluetooth earbuds in and I get a notification that goes through my earbuds, but it also goes through my phone speakers. When I get a call, I get the ringtone through my earbuds, but I also get it through my phone speakers.

I have tried looking through settings for anything that would stop this. I have looked in sounds, notifications, and tried googling for answers. Obviously I don't know what I am looking for though so my searches weren't exactly successful. 

I would like to know if there is a way to stop this. Can I get the audio to only go through bluetooth when a device is connected?

Samsung Galaxy A42 5G

SM-A426u

u/Monstertrev","Monstertrev","1661272026"
"Samsung","samsung","samsung","Galaxy Watch LTE Notifications?","Just got a Galaxy Watch LTE (Verizon) and can confirm that it works in standalone (turned the phone off and still receive phone calls to the watch). But if my phone is n and connected to my watch over LTE, do all my regular notifications (Gmail, Snapchat, ESPN, etc) also get forwarded to the watch over LTE same as they do over BT/Wifi?","cavanaughnick","1600639908"
"Apple","apple","apple","iOS 26.4.2 fixes bug that allowed deleted notifications to be retrieved","I’m still hitting the “.” between words. At this point remove the period key from the keyboard. ","Anheroed","1777035097"
"Apple","apple","apple","How long do you think it'll take Google to update the Gmail app for the iPhone X?","It took them months before they updated the app for the bigger iPhone Plus, so wonder how long they'll take to do the same for the X. I feel like they almost do this purposely.","kladenfar","1511180927"
"Apple","apple","apple","S25/S25+ owners - initial thoughts?","Just about 24 hours in with my S25+, upgrading from a S20. I've seen threads about the Ultra but not many about the lower two models and curious to know what people are thinking. Some initial thoughts:

* Overall, a solid really nice phone. I'm not one to lament not pushing the boundaries when the basics are so good. My priority is getting a phone that last a long time (hence the only phone with 7 years support and the SD8E) and no reason to believe this won't fit the bill.
* Size is a bit of an adjustment coming from a base model but overall nicer to hold than other large phones like iPhone Pro Max.
* The navy is gorgeous and reflects a variety of light spectrum more than I expected (not sure how else to describe).
* Performance is obviously noticeably better with 5 years better processor but honestly not that night and day.
* I have adjusted to the split notification/quick panels and think I'll keep it that way.
* Fingerprint sensor is very fast and way more accurate than the S20. Just a tap and it's done.
* Turned off most of the AI stuff. The Now brief is ""AI"" but basically just a basic aggregation of obvious stuff (weather, energy score, calendar) that I'll keep. Found that ""AICore"" app was using 4GB of storage and cleared that (apparently related to Gemini). It's using less storage now but considering disabling it to see what happens since I don't plan to use Gemini.
* The new AOD that shows background is nice (not sure when they introduced that).
* Smart Switch worked fairly flawless outside of encrypted apps like WhatsApp that needed to be done manually. Up and running within a few hours.
* No OS updates out of the box which was honestly refreshing.

https://preview.redd.it/pugkv63dgdge1.jpg?width=756&amp;format=pjpg&amp;auto=webp&amp;s=e8b3bbefed4cfbc84ad62d39e32f4cba4cad07d0

https://preview.redd.it/w03v2v3dgdge1.jpg?width=756&amp;format=pjpg&amp;auto=webp&amp;s=06cb071e28865eb1b6d84de7892b648274598029

What do you think of your S25/S25+?

[View Poll](https://www.reddit.com/poll/1ielbem)","dharmababa","1738347427"
"Apple","apple","apple","Samsung Galaxy Buds not in sync (Mac)","My galaxy buds will connect fine to all my devices, but won't be fully in sync, especially on my macbook. The problem is still there on my galaxy s9, but not as severe. I understand that wireless is not as good as wired, but I feel like my other bluetooth headset was in sync just fine. Has anyone else experienced this?","Lime92","1576234881"
"Apple","apple","apple","Transfer ALL Data from Old iPhone to New iPhone... Bottle neck problem","I'm doing the iphone to iphone transfer however, it's logging into my apple ID account and bypassing the screen/option i need to transfer my data (i posted the screen it bypasses). Does anyone else have this problem? what should i do? I'm stuck in an endless loop. the phone logs in but this screen doesnt pop up for me.

https://preview.redd.it/fblcyqlvv8xg1.png?width=492&amp;format=png&amp;auto=webp&amp;s=6e830c2904a93bb158b86699d6053291195e3aeb

","blahblahblahreadit","1777082991"
"Google","google","google","Messages Bug","Me and my wife both have 10 pro XLs and both of our Google messages apps won't let us text, it just says please insert SIM card to continue. It's not a carrier issue as both of us can still use data, call, and text using Textra. If I clear the messages app data in settings it will work again temporarily. Anyone else having this issue currently?","COBALT12349","1776874726"
"Apple","apple","apple","Do Samsung hardware and software design teams ever talk to each other?","How can the same company make the most angular designed phones, yet power it by some of the roundest looking software?

Do they not understand that people's preferences tend to be consisten. If someone is buying a Galaxy S24 Ultra for its sharp edges and perfectly rectangular design, do they want to see everything on that phone displayed in circles and ovals? 

Who the fuck thought it was a good idea? 

If someone like information to be presented to them in bubbles they will buy rounder Apple phones with 🤡 looking UI. I want my OS to match the design of my phone. ","CynicalManInBlack","1746653454"
"Google","google","google","How do I combine Lists in Contacts","I don’t know how or why my contacts are all separated out like this, they aren’t split up logically or chronologically between my three gmail addresses, even if i wanted contacts separated by email I wouldn’t want them how they are now. Is anyone able to explain do I remove these lists (obviously without deleting any contacts either) or at least edit them so that I can organise them properly between my three emails ","KatieColclough4","1760752259"
"Apple","apple","apple","Texting via Mac?","Hi everyone! Recently, I got the Galaxy Active 2. I'm a longtime user of Pulse SMS (I have a Macbook, so having Pulse to text on my Mac was great), and when I tried to install the Pulse app onto my watch, it looks like it doesn't work/newer versions of the watch after the update weren't supported on the app. I'm switching back to the standard Messages app that comes with Samsung, but I wanted to know: is there a way for me to text via my Mac using the Messages app, or is it looking like I'm going to to need to install another third party texting app onto both my watch and phone?","splika","1575068247"
"Apple","apple","apple","Why Mail is not learning Junk email","I knew that flagging email as Junk email could teach Mail to filter them out.
Unfortunately, this has stopped working, and now I’m force to either create a Spam contact with all spammers’ emails or manually move them to junk folder.
Is it happening only to me ? 

(I’m running the latest iOS on iPhone X, the email clients are Gmail and Yahoo)

Edit:
**To train the spam algorithm I installed Gmail and Yahoo Mail apps; for almost two weeks I reported all the spam I got**. 
Finally those emails were automatically filtered to the junk mail. ","dodgeunhappiness","1518455208"
"Apple","apple","apple","A peek at some handmade magic 🪄: Apple's new YouTube Short includes BTS footage of the MacBook Neo introduction video","Lots of fun effects in this one!","pdfu","1777048767"
"Samsung","samsung","samsung","Upgrade to S24 Ultra or S25 Ultra?","I'm currently using a S22+ since December 2022 and before the S25 launched this year I was considering upgrading to it when possible especially since I've been having a little battery issue but then the S25 launched and it really isn't that different from last year's but now my screen is also going bad (two lines randomly appeared)so I definitely will upgrade but trying to figure out the more sensible purchase. Like yeah the S25U will be newer, with a better chip and will get and additional year or two of updates but otherwise the internals and design language aren't really different ","FANTOMX876","1747163450"
"Google","google","google","7 Pro to 10 Pro XL - 2nd attempt","I have been generally happy with my Pixel 7 Pro (except for the gradual deterioration of the battery).

  
My main motivation for upgrading to the 10 Pro XL was the insanely good trade-in value for the 7 Pro ($425). I will likely never see such a good deal in the future.

I got the new phone last week and like many others here, found the display showing a marked yellowish tint on any screen with a white background. I tried tuning display settings and saw some limited improvement but still could not get over how bad the whites were. Compared to my 7 Pro it looked weak and watered down. 

Called Google support. They were very helpful and opened a ticket to exchange the phone. I decided to go to the google store in Mountain View to do this in person. The reps at the store were also super helpful. Instead of an exchange, I decided to just return the phone (within the 2 week window), and buy a new one. Both transactions were taken care of with 10 minutes. Walked out feeling hopeful with a new phone.

  
This time around, I am not seeing the yellow tint (or did I just get used to it now???), and by and large the phone seems ok. Maybe I will keep this one.

One bothersome behavior is the momentary blurriness when I close an app. The Google Rep told me this is a feature not a bug! This is the intended behavior of the new UI paradigm in the new pixels. I know engineers like to keep tinkering with things, but Google - Please if it is not broken don't mess with it!!!! Who would ever want this blurring of their UI every time they switch from or exit an app????

The 10 Pro XL does not seem like a major upgrade or improvement over my 3 year old phone though. The 7 Pro had a more appealing and modern design, its curved and slim frame was very stylish, and the display rocked. The 10 Pro XL is a boring slab, with a uninspiring display and nothing else really stands out (I get it that it has a faster processor, tons of AI support etc..).  Have not yet played with the camera and very hopeful this will be the redeeming factor for me.

  
End of the day, the trade-in value for the 7 Pro could be the primary reason I stay with the upgrade. 

","livplay","1756919269"
"Apple","apple","apple","macOS on iPhones","Now that we have the MacBook Neo, which is essentially an iPhone 16PM inside a laptop shell, wouldn’t it be cool if every iPhone  supported full screen output and ran macOS? At least now we know that iPhones can definitely support macOS.

What do you think? 😁","OldGamerMG","1773230466"
"Apple","apple","apple","I developed an alarm app to help practice lucid dreaming!","Hello everybody, I hope you’re staying safe during this global pandemic!

I recently began learning to make mobile apps, and this is my first app.

&amp;#x200B;

Lucid dreaming simply means being aware that you're dreaming while you dream. After you realize that you’re in a dream, you can try out anything you want, such as flying like Superman, summoning Pokémon monsters, materializing a town from a novel, and talking to Albert Einstein.

There are multiple ways to lucid dream, but one way is to set alarms that turn themselves off periodically. (More detailed instructions can be found in the app.)

&amp;#x200B;

This alarm app turns off alarms **automatically** and chains consecutive alarms to provide you with **multiple** chances to attempt FILD, CANWILD, Rausis, and any other sound-induced lucid dream techniques, which dramatically increases the success rate.

This is a **free** alarm app without any ads or in-app purchases. I am planning to continuously update it by adding and improving new features in the near future! It’s also in **dark mode**!

&amp;#x200B;

For those of you who now have more time due to being quarantined, I hope you can take advantage of this opportunity to get into lucid dreaming! And if you have any questions or comments, please don’t hesitate to comment on this post here or email me at [lucidwakerapp@gmail.com](mailto:lucidwakerapp@gmail.com).

Thank you very much for reading!

&amp;#x200B;

App on App Store (for iOS):

[https://apps.apple.com/app/id1505570242](https://apps.apple.com/app/id1505570242)

App on Play Store (for Android):

[https://play.google.com/store/apps/details?id=com.harry.lucidwaker](https://play.google.com/store/apps/details?id=com.harry.lucidwaker)","aLucidCoder","1590859430"
"Google","google","google","Apps not shown to open now playing songs","I am not able to see any supported apps for ""now playing"" songs to open

I have youtube and YouTube music (both recanced installed) those dosent show either

Is there a way to open these songs in yt music directly 

The yt and yt music apps dosent show even in list of sharable apps (when clicked on share) ","AdWhole2304","1770456421"
"Apple","apple","apple","Bought an android just to realize customization sucks","Received a s20 but realized none of the customizations are applying I.e fonts on apps are  diffrent and not the system one I picked why is this considering a iphone at this point a jailbroken one at that fact what are your suggestions?","Alone-Today4202","1746991365"
"Samsung","samsung","samsung","Borders on Z Flip 5","Need help removing some borders on the top and bottom of my Z Flip 5. Stupidly can't show images so apologies for my description. The phone was just updated and a few updates behind which were all done at once. After the updates the phone developed thick solid colour borders on the top just covering the icons are the top of the screen and another solid colour border at the bottom of the screen just covering the buttons at the bottom. Seems like the phone has created backgrounds kinda for the icons and buttons instead of having a translucent background like normal? Anyways looked through all the settings and are struggling to find anyway to fix this so would appreciate the help, thanks.","JakobP6312","1712349136"
"Samsung","samsung","samsung","Which Samsung do you recommend?","I'm between an s24+ and an s23 ultra. I can't think of any more good options for the same price. The truth is, I like the s23 ultra much more because of the camera, but the few years of updates it has left don't appeal to me, and it's less powerful. ","average_wre","1748723934"
"Apple","apple","apple","Apple Ecosystem and its varied hooks","I have always been able to casually hop over the walled garden that is the apple’s ecosystem. Most of it due to a bunch of convenient coincidences - 

I come from an area where no one uses iMessage;
I bought an Apple Watch and liked it but sold it soon since I wasn’t into the *tracking everything* thing;
I don’t want an iPad because my iPhone can do everything I want; 
I have a MacBook but my workflow with the two rarely overlap beyond using iCloud Drive and Safari which is easy to replicate with, say, Google Drive and Chrome; 

All this has meant I have often switched between android and ios without too much friction…. That is, until I bought the AirPods Pro 2 last month. 

Half of my phone usage involves listening to audio and how well these work together is addictive. These AirPods can work with android as well but it’s always the little things that you miss. The little things you never knew you needed but can’t live without once you experience them. 

Like the U1 chip always showing me battery levels and also assuring me that my AirPods are on me or in my bag somewhere. And the Find My features when I don’t know where they are. 

Like spatial audio that I really enjoy while watching movies. 

Like adaptive EQ that makes most (not all) of the songs more enjoyable. 

And all the proprietary hardware symbiosis between iPhone and AirPods like the H2 chip, conversation boost, control customisation and the little energy efficiency boosts that simply can’t work with a non apple device. 

Suddenly, the phone and the earbuds have become a unit that I use in tandem. Years later, if I wish to switch to another platform, this will be a factor that will dissuade me unless there’s something equally compelling or better in the market. As of now, whatever Google, Samsung or Sony offer doesn’t match up to this for me. 

I feel the hooks of the ecosystem for the first time. For the better or for the worse.","Asc3ndis","1683272444"
"Samsung","samsung","samsung","First time buyer and my pixel10 pro's date and day says it's Saturday mar 21. But yeah it's Sunday 6:51am all the way.","Yes it's set to automatic, yes it's in the right time zone. If the clock is going to be wrong sometimes, why can't I get it off the home page?? Ready to ditch this and go back to Samsung.","obviously-herenow","1774176985"
"Apple","apple","apple","Sensor de proximidad iPhone 14 Pro / Pro Max","Hola a todos,

  
Hasta hace dos días he tenido problemas con los audios de WhatsApp y telegram y el sensor de proximidad. Había reiniciado, instalación limpia de iOS, etc y nada. Ayer me puse en contacto con el soporte remoto de Apple y me dieron una instrucciones  ya funciona. Os lo dejo aqu:

  
1° Tener instalado última versión de iOS / WhatsApp / Telegram. 

2° Limpiar bien la parte superior de la pantalla 

3° Ajustes/ WhatsApp y desactivar el micrófono durante 20 segundos. 

4° Reiniciar pero mediante Siri: ""oye Siri, reinicia el iPhone""

Una vez reiniciado, entrar a WhatsApp y reproducir un audio. Reproduciendo el audio, lleva el móvil a la oreja como si estuvieras en una llamada. El altavoz principal dejará de sonar y pasará al interno y se apagará la pantalla. 

Me explicó que puede haber un retraso de hasta cinco segundos entre llevarse el móvil a la oreja y la desactivación de la pantalla. Si alejamos el iPhone de la oreja, puede haber otro retraso de hasta cinco segundos teniendo la pantalla negra. Me dijo que para activarla no hay que tocar la pantalla, hay que darle dos o tres veces al botón de bloqueo/desbloqueo.   
A mi me está funcionando perfecto ahora. Me dijo que no es fallo del software ni que el sensor esté roto. Me comentó que es el comportamiento normal de la isla dinámica. A mi me está funcionando bien desde ayer. Espero que sirva de ayuda. ","No_Incident189","1777131797"
"Samsung","samsung","samsung","Samsung may be bracing for first-ever annual loss in smartphone business | The AI-driven memory shortage is hitting Samsung’s bottom line","Put it in an airship, a la Hindenburg!","Different_Victory_89","1777069658"
"Apple","apple","apple","Samsung Messages WEB INTERFACE?","I'd like to go ""all Samsung"", but need a web texting app that will work on the Galaxy watch, Windows PC, and Macbooks.....  right now, I'm using Google Messages, but that isn't native on the Watch.

Is there such a thing?.....or is Samsung working on a solution?","bonestock50","1612921452"
"Google","google","google","Did anyone really got ""My calling card"" in the last march pixel drop?","looks like they forgot about it again, they mentioned it in the android YouTube channel but not the made by Google channel, i didn't get it yet and also my friends who have pixels didn't get it too.","JimHalpert_JH","1772716133"
"Apple","apple","apple","I did a software update on my iPhone 14 and the charger port no longer works","I did an update yesterday (26.5) and this morning the port stop receiving charge. When I power it off it turns on when I plug it in meaning it knows that the charger is there but no charge is received.","Beekyboy11","1777089309"
"Google","google","google","Changing Convert option in context menu","I was in the ITA app, trying to select a price in EUR to copy and paste into Google when I noticed a Convert option!  I was prompted to choose Google or  Chrome and I selected Chrome, Always.

Bad choice as that doesn't do anything except open a blank Google page...

How do I reset that choice?  I tried deleting all the data in the ITA app and the cache and site data for ITA in Chrome to no avail.   Not a big deal, just curious about where the controls for context menus like that reside.","Wolfgang_Pup","1757680318"
"Samsung","samsung","samsung","Why does the Samsung keyboard hate swear words?","I've never seen this issue on SwiftKey, but for some reason Samsung keyboard seems like it's actively preventing you from swearing. My default keyboard is SwiftKey, so this isn't usually an issue for me, but I have a Z Flip 5 and Samsung forces you to use the Samsung keyboard on the cover screen so I always run into it there. 

I usually use swipe to text, but Samsung never has swear words appear as predictions so I have to manually type them, and even then the keyboard tries to autocorrect it to something else (""shit"" to ""shut"" for example).

I've clicked the little checkmark to save the words in the dictionary, but that hasn't made a difference and it still makes me manually accept the word every time. I couldn't even find settings anywhere to ""allow explicit words"" or anything like that. Is there really no way to enable this?","sleeplessaddict","1709840704"
"Apple","apple","apple","One ui 7","It will be a better update than One UI 6 and, certainly, better than 5, because, like it or not, Samsung managed to improve the design. However, I don't feel that enthusiasm that iPhone fans feel when they release a new iOS, and that's frustrating. Samsung isn't changing anything significant, nothing that would really justify a major update.

The Home design is still just a launcher. Animations improve on entry and exit, but ignore overall fluidity. The lock screen is better, but is that it? Typically, Samsung tries to add new features, but ignores refining what already exists. iOS is a consistent system because Apple works to bring few new features, but greatly improves the old ones. We only see Apple facing similar issues as Samsung in giant updates.

I hope Samsung starts to refine the system: fluidity, speed, micro-animations and small details that make the experience more enjoyable. They need to take a break from AI news and focus on the system itself. Before, One UI was good because it offered more customization than pure Android, but now the game is changing.

In summary:

1. Improve the speed of animations and micro-animations.


2. Refine the system to make it faster and more consistent.


3. Solve the problem of screen burn-in.


4. Update the dialog boxes, which are outdated.


5. Make the lock screen more functional.


6. Add features to the home screen (like pressing icons for quick options).


7. Optimize system resource management, which is very volatile today.


8. Enhance dark mode by adjusting contrast and colors for greater consistency.


9. Smarter notifications with efficient grouping and improved quick responses.


10. Customizable navigation gestures, including sensitivity adjustments and specific actions.


11. Improved multitasking, with improvements to split-screen and floating windows.


12. Reduce bloatware or make it easier to remove.


13. Focus on battery savings with power optimization without sacrificing performance.


14. Advanced gaming mode, offering more options and better gaming performance.


15. Integration of the Samsung ecosystem, making connectivity between devices more fluid and cohesive.



If Samsung focuses on these points, it will be able to offer a much more solid and competitive experience, aligning with users' expectations and creating a truly refined and innovative system.

","Juan_Emanuel","1736165531"
"Google","google","google","15% off Pixel Codes Germany","Google Germany 15%

REF-BXO4O1LF901SUNOQNVLQZ41

REF-E2QCKZGEJAYR6KNF4R0QC0M

REF-AU6WWHLSAAWDL4ZB4PTY28T

REF-3MV4GWM455NHGJZD07SZ848

REF-IHQ6HR90N68KV78PYZ8VP7F

REF-0LTQ7B7YO2FL9FB1J4TZJ4X

REF-VGKLKLUCUP8DT2YPQJ0NNOK

REF-RPAYD7X8SON9UQY0EDWM8WJ

REF-UY2MNOABFMMP626Z3L16O14

REF-UUMGVRLB3H2C1AL5002HG84","dudeheimer","1761234407"
"Apple","apple","apple","14pro screen started glitching out but is now back to normal. Hardware issue or software bug?","Never dropped the phone nor done anything to cause any water damage. The screen started glitching out of nowhere this evening. I immediately backed up the phone to icloud as well to my PC. Am currently updating the phone to latest ios version. apple support suggests hard resetting the phone, but I am waiting for the update to finish downloading.

After an hour or so the glitching stopped and hasnt come back. I didnt update or hard reset till that point. Will be going to a apple service centre tomorrow to get it checked out, but right now the screen is working fine. The phone is not in warranty so i am wondering if everything is fine, and i would be spending pointless money if i do go to the service shop.

UPDATE- a few more hours have passed, and the phone seems perfectly fine. looked into cost of a screen from apple's website and it was too much to justify for a 3+ year old device, so am cancelling my plans for a visit to an apple service shop for now....

UPDATE 2- it came back again....some saw other posts that doing a 3rd party flex cable replacement fixed the issue....i am afraid when i do go for a physical inspection of the phone at apple they will recommend a screen replacement which is quite costly.....i am thinking of escalating the issue to apple support since there is no physical or water damage but am doubtful they will agree....what do i do....","Anchipo","1776539799"
"Samsung","samsung","samsung","[Galaxy Phone]","Query Identification: 01098172 

Title: \[Samsung Galaxy\]

Things I have tried: \[tapping the button, moving the button, dragging the button away\]

Device Name: \[Samsung Galaxy S21 Ultra\]

Device Model Number: \[SM-G998WZKAXAC\]

Description of issue:

Galaxy S21U Phone UI 4.0 updated today (2021.11.18) 

After the update, a green icon that looks like an eyedropper appeared and started floating on in the middle of the screen. It can be dragged around and docked to the left or right edge. When docked it looks like a human with arms outstretched making a ""T."" It reminds me of the ""accessibility"" icons.

Here's a [link](https://photos.app.goo.gl/Fyk4YcbSLp3daSPf7) that show it floating and docked. 

Tapping it or doing a ""long press"" does absolutely nothing that I can see.

What is it and more importantly, how do I get rid of it?

Best regards, \[u/thetxoof\]","TheTxoof","1637262561"
"Google","google","google","Why Is The Pixel Weather App Wrong So Often?","I compare it to The Weather Channel App and the Pixel. There are many errors about current conditions. Pixel data is very poor. ","SnooPineapples6016","1775247780"
"Apple","apple","apple","I’m losing my mind over iPhone navigation how is this acceptable in 2025?!","I’ve been on iPhone for about 1.5 years now (15 Plus), and every single day I regret switching from Android. Everyone told me iOS was “smooth” and “premium,” but honestly the navigation experience is a complete joke.

First off, the back button. Why the hell is it always in the top-left corner? On a massive phone like the Plus, it’s literally unreachable with one hand. I paid a thousand bucks and I can’t even go back without doing finger gymnastics or using both hands.

Then Apple tried to “fix it” with swipe gestures. Great idea, right? Except you still have to swipe from the absolute left edge of the phone, which is just as awkward on a big screen. And to make it worse, the gesture doesn’t even work everywhere! Some apps have it, some don’t, some are buggy as hell. So half the time you’re just doing trial and error, hoping the gesture decides to work.

And don’t even get me started on Reachability. You want to go back? Now it’s a two-step process: swipe down on the home bar, then tap the back button. How is that better than just having a single universal back button? And half the time Reachability doesn’t even trigger because apps like Spotify, YouTube, or Instagram have bottom nav bars that override the gesture. So you end up pressing some random button instead.

Apple’s excuse is “we don’t want a universal back button because we want to give developers freedom.” Freedom?? Android developers somehow manage just fine with a universal back button, and their apps don’t feel broken. So who is Apple really prioritizing here — the people spending $1,000+ for a so-called premium phone, or the developers who apparently can’t handle consistent navigation rules?

I’m honestly shocked this isn’t a bigger outrage. Navigation is the most basic function of a phone, and on iPhone it feels clunky, inconsistent, and straight up outdated. For a trillion-dollar company, this is embarrassing.

Edit:- talking to a lot of you people I can conclude apple fanboys are inherently dumb Apple would sell you yesterday’s leftovers and you would still call it the future ","Sea_Wasabi_4685","1757592379"
"Apple","apple","apple","Watchtube - YouTube for Apple Watch","Hello r/apple

I’m happy to finally announce that my app WatchTube has launched on the App Store!

So what is WatchTube? Well WatchTube is a free YouTube app for the Apple Watch. WatchTube currently has the following features: 

* Watching videos 
* Searching videos 
* Caching metadata for super speed
* View info like likes, descriptions and views 
* Home Feed
* Curation and custom recommendations 
* Watch history 
* Subscriptions and liking videos 
* Everything done on Watch, standalone from your phone
* Intuitive UI
* Audio only mode with HQ audio (coming soon)

The app has been in development for 7 months and it is brilliant for on the fly videos if you want to listen to music or show your friend something cool without getting your iPhone out.

You can download the app here: [https://apps.apple.com/gb/app/watchtube/id1599884909](https://apps.apple.com/gb/app/watchtube/id1599884909) and please let us know how you find the app :)

EDIT: It would be cool for those who like the app to leave a review! And if you’d like to get our future projects feel free to join our discord! https://discord.gg/6RJtAWp9wJ","llsc12","1655647523"
"Apple","apple","apple","Apple sure does think different [Orange Blob - 2018 15in MacBook Pro]"," 

June 4: Orange dot appears on the bottom left hand corner of my screen. If I poke it, it goes away for a moment. I could kind of move it around but I ruled out a software issue. I thought since I was editing a website at the time, It could have been related to heat from the CPU being exhausted onto the screen. I closed the lid for a while, and came back and it looked normal again.

[https://photos.app.goo.gl/wwTnCmqfso82Z7Ew5](https://photos.app.goo.gl/wwTnCmqfso82Z7Ew5)

June 5: It looked fine for a while, until I started editing photos and the orange dot came back. Again, I could close the lid and it would go away. It didn't really bother me enough to contact Apple at this point. I knew it was going to be a big deal over just an orange inconvenience.

June 6 - June 9: I didn't notice a change, it was still off and on.

June 10: I was traveling with my laptop again. As I always did. Putting it in the padded laptop section of my backpack, Vertical. As most people carry their laptop in a backpack. When I took it out of my bag, the entire very left side of the computer had an orange line down it. The photos don’t do it justice. It looks more obvious in person. (The subtleties of the orange go all the way up to the upper left corner)

[https://photos.app.goo.gl/zS4EArFg3DYVN2qB7](https://photos.app.goo.gl/zS4EArFg3DYVN2qB7)

Since then, this has only appeared to have gotten worse. If I flip my laptop to rest on the right side in my backpack, the orange bar will appear on the right. So it definitely appears side dependent.

So today, June 11: I went to my local Apple store (30 min away) and had them take a look at it. They ran all their hardware diagnostics and physical checks and came back to me saying it was going to be $400 to replace the screen. Which is just unacceptable on a 2 year old computer that cost about $3k , and is meant to be carried around. By the way, the computer looks like it is brand new. Not a scratch or ding on it. It has been very well cared for the 2 years I have had it.

I drove home and called Apple. Hoping over the phone support would be different. And it kind of was! The person I talked with (A senior advisor) was extremely nice and said if I drove back there and asked to speak with the manager that he may be able to pull some strings and get my computer sent in for warranty repair. So, I did just that. I pulled in, talked briefly with their manager who seemed like a nice, but busy, guy. He said that getting this repaired was over his head and I would have to contact Apple support to try and get warranty repair.

So again, I did just that. Before driving home this time, I called Apple support. I spoke with another senior advisor and he also seemed like a very nice guy. He talked with my local Apple store for about 10 minutes and returned to my call saying the best they could do is a $400 screen replacement. They couldn't even offer me a discount because Apple service isn't “itemized” so they can't just deduct the cost of labor or parts. (seems pretty planned to me)

My worry is the orange blob is just going to keep getting worse. But I'm more upset with Apple customer support. I get that It only had a 1 year warranty, but why is a $3k computer only designed to last a year? A 1 year warranty is supposed to cover factory defects that you would catch within the first year. But what if it's a problem that takes more than a year to show? And that's what Apple seems to be counting on. Then they just turn around and tell you its end user damage when it's really just a design flaw.

And if you look up “Orange Blob/smudge” followed by “macbook” you will find articles dating back to 2010, all with the same issue as me. I'm hoping to at least start some conversation and have some people reach out with their issues regarding this so I have some leverage saying it's not just me.

(Hopefully I'm posting this in the right place. As this isn't tech support, and it's only calling out a major hardware flaw I don't see this intruding on any rules.)","JeremysReddit7432","1592165139"
"Google","google","google","How to get Google to stop lowering my volume?","I use Bluetooth speakers and a Bluetooth helmet on my motorcycle, and my Pixel 9 keeps stopping the volume to almost 0. It's really frustrating when I'm riding my Harley. The bike is loud, the wind is REALLY loud at 60mph, and I have the slight panic that I dropped my phone because the volume suddenly dies and I can't hear the whisper over the roar of wind and have to pull over immediately to make sure my phone is still in my pocket.","Kiyan1159","1777217525"
"Samsung","samsung","samsung","Galaxy Phone S7","Query Identification: 01098172 

Title: \[Samsung Galaxy S7 Phone stuck in  boot loop\]

Description: \[My Phone is stuck in boot loop. I cant access safe mode and the divece is unable to find a reboot file and is so futher stuck in a recovery reboot loop.

Is it possible to get my phone back to working or at least safe the data?\]

Things I have tried: \[- Soft Restart, Tryied to get into save mode and I could not. Tryied to access recovery, recovery is not found, Reboot cause is unknown, failed to mount /efs, /system /cache because of invalid argument\]

Device Name: \[Galaxy S7\]

Device Model Number: \[ SM-G930F\]

Best regards, \[u/Shot-Transition-8186\]

Edit: After being stuck in recovery reboot loop, the phone is unresponsive, even when charging. ","Shot-Transition-8186","1741631048"
"Apple","apple","apple","Is my earpods fake?","I bought this from Beyond The Box, an official Apple reseller here in the Philippines. However, I tried checking the serial number on checkcoverage site, but it says the serial nunber isn’t valid! ","ExtraSpicy100","1767169124"
"Google","google","google","Denied Warranty Claim for Google Pixel 10 Pro Fold","I bought a google pixel 10 fold from google and it is under maufacturer warranty. I noticed a small area in the top of the inner screen, after a few days it grew into a large line running down the middle and the screeen is also unresponsive in most areas. I was advised to bring it to my local ubreakifix store for a warranty repair. I showed it to the rep there at my appointment and he agreed it was a malfunction and nothing I did b/c there were no clear marks of damage or misuse. When the parts came in, a differnt rep told me he had to take pictures and send them to google to get the repair approved even though I told him it was inspcected at my earlier appointment and the parts were ordered. A short while later he said the claim was denied b/c his pictures now show a small scratch on the camers lens and another small mark below that that I cannot really see. He also pointed out that there is minor cracking on the inner screen that you can only see when you look from a certain angle. I paid $1500 for this phone and have had for less than 6 months. 

My Pixel 10 Fold has a known manufacturing defect (internal screen bleeding/failure). An authorized technician initially inspected it and found no signs of misuse, but a second tech is now citing unrelated cosmetic scratches to deny the claim. This is a $1,500 flagship device less than 6 months old.","CaramelPractical4475","1777033188"
"Google","google","google","Good apps that follow the Material You/Expressive design?","I am using Pixel Player and Gradient weather and i think they look really nice but are the other apps that look like that?

Thanks ","Belal8","1776705010"
"Samsung","samsung","samsung","Samsung may be bracing for first-ever annual loss in smartphone business | The AI-driven memory shortage is hitting Samsung’s bottom line","Nooo! I can’t take any more price increases!","gentlewaterboarding","1777054077"
"Samsung","samsung","samsung","Samsung may be bracing for first-ever annual loss in smartphone business | The AI-driven memory shortage is hitting Samsung’s bottom line","There was an article about how Samsung(who makes RAM) wouldn't agree to sell RAM to Samsung(who makes phones) in an advance contract. ","InTheEndEntropyWins","1777057398"
